,Location (county),Total number of birds testing positive,week,year,date,season
0,Carmarthenshire,1,51,2016,2016-12-19,2016/2017
1,Dumfries and Galloway,1,51,2016,2016-12-19,2016/2017
2,Leicestershire,1,51,2016,2016-12-19,2016/2017
3,Somerset,1,51,2016,2016-12-19,2016/2017
4,Lincolnshire,5,52,2016,2016-12-26,2016/2017
5,Gloucestershire,4,52,2016,2016-12-26,2016/2017
6,Merseyside,5,52,2016,2016-12-26,2016/2017
7,Dorset,9,1,2017,2017-01-02,2016/2017
8,Devon,1,1,2017,2017-01-02,2016/2017
9,Conwy,1,1,2017,2017-01-02,2016/2017
10,Wales,1,2,2017,2017-01-09,2016/2017
11,Dorset,1,2,2017,2017-01-09,2016/2017
12,Lancashire,1,2,2017,2017-01-09,2016/2017
13,Tyne & Wear,1,2,2017,2017-01-09,2016/2017
14,Northants,1,2,2017,2017-01-09,2016/2017
15,Gloucestershire,1,2,2017,2017-01-09,2016/2017
16,Dorset,1,3,2017,2017-01-16,2016/2017
17,Somerset,1,3,2017,2017-01-16,2016/2017
18,North Yorkshire,1,4,2017,2017-01-23,2016/2017
19,Lancashire ,1,5,2017,2017-01-30,2016/2017
20,Norfolk,1,6,2017,2017-02-06,2016/2017
21,Norfolk,1,7,2017,2017-02-13,2016/2017
22,Norfolk,1,8,2017,2017-02-20,2016/2017
23,Pembroke ,1,9,2017,2017-02-27,2016/2017
24,Somerset,1,11,2017,2017-03-13,2016/2017
25,Norfolk,1,28,2017,2017-07-10,2016/2017
26,Dorset,31,2,2018,2018-01-08,2017/2018
27,Warwickshire,13,3,2018,2018-01-15,2017/2018
28,Hertfordshire,19,3,2018,2018-01-15,2017/2018
29,West Yorkshire,1,4,2018,2018-01-22,2017/2018
30,Rutland,9,4,2018,2018-01-22,2017/2018
31,Greater London,2,4,2018,2018-01-22,2017/2018
32,Berkshire,5,5,2018,2018-01-29,2017/2018
33,Surrey,2,5,2018,2018-01-29,2017/2018
34,Hertfordshire,1,5,2018,2018-01-29,2017/2018
35,Surrey,1,5,2018,2018-01-29,2017/2018
36,Warwickshire,1,5,2018,2018-01-29,2017/2018
37,Oxfordshire,1,7,2018,2018-02-12,2017/2018
38,Surrey,2,9,2018,2018-02-26,2017/2018
39,Lincolnshire,4,9,2018,2018-02-26,2017/2018
40,Devon,1,9,2018,2018-02-26,2017/2018
41,Suffolk,1,9,2018,2018-02-26,2017/2018
42,South Glamorgan,1,9,2018,2018-02-26,2017/2018
43,Hampshire,1,9,2018,2018-02-26,2017/2018
44,Suffolk,2,13,2018,2018-03-26,2017/2018
45,Suffolk - new report from previously reported location,2,14,2018,2018-04-02,2017/2018
46,Suffolk - new report from previously reported location,1,16,2018,2018-04-16,2017/2018
47,Gloucestershire,2,45,2020,2020-11-09,2020/2021
48,Gloucestershire,1,46,2020,2020-11-16,2020/2021
49,Devon,5,46,2020,2020-11-16,2020/2021
50,Lincolnshire,8,46,2020,2020-11-16,2020/2021
51,Lancashire,1,46,2020,2020-11-16,2020/2021
52,Lancashire,1,46,2020,2020-11-16,2020/2021
53,Gloucestershire,6,46,2020,2020-11-16,2020/2021
54,Dorset,1,46,2020,2020-11-16,2020/2021
55,Essex,1,47,2020,2020-11-23,2020/2021
56,Cambridgeshire,1,47,2020,2020-11-23,2020/2021
57,Dorset,6,47,2020,2020-11-23,2020/2021
58,Dorset,1,47,2020,2020-11-23,2020/2021
59,Devon ,2,47,2020,2020-11-23,2020/2021
60,Dorset,3,47,2020,2020-11-23,2020/2021
61,Gloucestershire,2,47,2020,2020-11-23,2020/2021
62,Cambridgeshire,1,48,2020,2020-11-30,2020/2021
63,Cambridgeshire,1,48,2020,2020-11-30,2020/2021
64,Dorset,26,48,2020,2020-11-30,2020/2021
65,Devon,1,48,2020,2020-11-30,2020/2021
66,Cornwall,1,48,2020,2020-11-30,2020/2021
67,Devon,1,48,2020,2020-11-30,2020/2021
68,Devon,1,48,2020,2020-11-30,2020/2021
69,Dorset,1,48,2020,2020-11-30,2020/2021
70,Gloucestershire,1,48,2020,2020-11-30,2020/2021
71,Warwarckshire,1,48,2020,2020-11-30,2020/2021
72,Suffolk,1,48,2020,2020-11-30,2020/2021
73,Kent,1,48,2020,2020-11-30,2020/2021
74,Staffordshire,1,48,2020,2020-11-30,2020/2021
75,Dorset,1,48,2020,2020-11-30,2020/2021
76,Dorset,32,48,2020,2020-11-30,2020/2021
77,Gloucestershire,3,48,2020,2020-11-30,2020/2021
78,Gloucestershire,1,48,2020,2020-11-30,2020/2021
79,Oxfordshire,1,48,2020,2020-11-30,2020/2021
80,Surrey,1,48,2020,2020-11-30,2020/2021
81,Essex,1,48,2020,2020-11-30,2020/2021
82,Cambridgeshire,1,48,2020,2020-11-30,2020/2021
83,Northumberland,1,48,2020,2020-11-30,2020/2021
84,Dorset,4,48,2020,2020-11-30,2020/2021
85,Devon,1,48,2020,2020-11-30,2020/2021
86,Warwickshire,1,48,2020,2020-11-30,2020/2021
87,Northumberland,2,48,2020,2020-11-30,2020/2021
88,Cumbria,6,48,2020,2020-11-30,2020/2021
89,Lancashire,4,48,2020,2020-11-30,2020/2021
90,Gwent,3,49,2020,2020-12-07,2020/2021
91,Oxfordshire,1,49,2020,2020-12-07,2020/2021
92,Northumberland,1,49,2020,2020-12-07,2020/2021
93,Lincolnshire,1,49,2020,2020-12-07,2020/2021
94,Yorkshire,1,49,2020,2020-12-07,2020/2021
95,Norfolk,1,49,2020,2020-12-07,2020/2021
96,Carmarthenshire,1,49,2020,2020-12-07,2020/2021
97,Warwickshire,1,49,2020,2020-12-07,2020/2021
98,Worcestershire,5,50,2020,2020-12-14,2020/2021
99,Aberdeen,3,50,2020,2020-12-14,2020/2021
100,Fife,1,50,2020,2020-12-14,2020/2021
101,Dorset,12,50,2020,2020-12-14,2020/2021
102,Dorset,1,50,2020,2020-12-14,2020/2021
103,Essex,1,50,2020,2020-12-14,2020/2021
104,Cambridgeshire,3,50,2020,2020-12-14,2020/2021
105,Cambridgeshire,1,50,2020,2020-12-14,2020/2021
106,Cambridgeshire,1,50,2020,2020-12-14,2020/2021
107,Lancashire,3,50,2020,2020-12-14,2020/2021
108,Warwickshire,2,50,2020,2020-12-14,2020/2021
109,Lancashire,2,50,2020,2020-12-14,2020/2021
110,Essex,1,50,2020,2020-12-14,2020/2021
111,Worcestershire,6,50,2020,2020-12-14,2020/2021
112,Norfolk,6,50,2020,2020-12-14,2020/2021
113,Norfolk,5,50,2020,2020-12-14,2020/2021
114,Essex,1,50,2020,2020-12-14,2020/2021
115,Monmouthshire,2,50,2020,2020-12-14,2020/2021
116,Hampshire,3,50,2020,2020-12-14,2020/2021
117,Leicestershire,1,50,2020,2020-12-14,2020/2021
118,Bedfordshire,1,50,2020,2020-12-14,2020/2021
119,Dorset,5,51,2020,2020-12-21,2020/2021
120,Dorset,1,51,2020,2020-12-21,2020/2021
121,Dorset,1,51,2020,2020-12-21,2020/2021
122,Gloucestershire,1,51,2020,2020-12-21,2020/2021
123,Greater Manchester,1,51,2020,2020-12-21,2020/2021
124,Cambridgeshire,2,51,2020,2020-12-21,2020/2021
125,Cambridgeshire,1,51,2020,2020-12-21,2020/2021
126,Cambridgeshire,1,51,2020,2020-12-21,2020/2021
127,Cambridgeshire,1,51,2020,2020-12-21,2020/2021
128,Norfolk,1,51,2020,2020-12-21,2020/2021
129,Devon,1,51,2020,2020-12-21,2020/2021
130,Isle of Wight,1,51,2020,2020-12-21,2020/2021
131,Lincolnshire,1,51,2020,2020-12-21,2020/2021
132,County Durham,3,51,2020,2020-12-21,2020/2021
133,County Durham,2,51,2020,2020-12-21,2020/2021
134,Norfolk,1,51,2020,2020-12-21,2020/2021
135,Highlands,1,51,2020,2020-12-21,2020/2021
136,Tyne and Wear,1,51,2020,2020-12-21,2020/2021
137,Northumberland,1,51,2020,2020-12-21,2020/2021
138,Gloucestershire,1,51,2020,2020-12-21,2020/2021
139,Worcestershire,1,51,2020,2020-12-21,2020/2021
140,Norfolk,2,52,2020,2020-12-28,2020/2021
141,Cambridgeshire,1,52,2020,2020-12-28,2020/2021
142,Cambridgeshire,1,52,2020,2020-12-28,2020/2021
143,Cambridgeshire,1,52,2020,2020-12-28,2020/2021
144,Cambridgeshire,1,52,2020,2020-12-28,2020/2021
145,Norfolk ,1,52,2020,2020-12-28,2020/2021
146,Cambridgeshire,2,52,2020,2020-12-28,2020/2021
147,Tyne and Wear,1,52,2020,2020-12-28,2020/2021
148,County Durham,1,52,2020,2020-12-28,2020/2021
149,Fife,3,52,2020,2020-12-28,2020/2021
150,Warwickshire,1,52,2020,2020-12-28,2020/2021
151,Lancashire,1,52,2020,2020-12-28,2020/2021
152,Gloucestershire,1,52,2020,2020-12-28,2020/2021
153,Gloucestershire,1,52,2020,2020-12-28,2020/2021
154,Gloucestershire,1,52,2020,2020-12-28,2020/2021
155,Cumbria,2,52,2020,2020-12-28,2020/2021
156,Cambridgeshire,1,52,2020,2020-12-28,2020/2021
157,Dorset,3,52,2020,2020-12-28,2020/2021
158,Lancashire,1,52,2020,2020-12-28,2020/2021
159,Clackmannanshire,1,52,2020,2020-12-28,2020/2021
160,Clackmannanshire,2,52,2020,2020-12-28,2020/2021
161,Lancashire,2,52,2020,2020-12-28,2020/2021
162,Shropshire,1,52,2020,2020-12-28,2020/2021
163,Angus,1,52,2020,2020-12-28,2020/2021
164,Bedfordshire,1,52,2020,2020-12-28,2020/2021
165,Warwarkshire,1,53,2020,2021-01-04,2020/2021
166,Clackmannanshire,1,53,2020,2021-01-04,2020/2021
167,Cornwall,1,53,2020,2021-01-04,2020/2021
168,Tyne and Wear,1,53,2020,2021-01-04,2020/2021
169,Lancashire,1,1,2021,2021-01-04,2020/2021
170,County Durham,1,1,2021,2021-01-04,2020/2021
171,Western Isles,1,1,2021,2021-01-04,2020/2021
172,Warwickshire,1,1,2021,2021-01-04,2020/2021
173,Devon,3,2,2021,2021-01-11,2020/2021
174,Yorkshire,1,2,2021,2021-01-11,2020/2021
175,Moray,1,3,2021,2021-01-18,2020/2021
176,Aberdeenshire,2,3,2021,2021-01-18,2020/2021
177,Lincolnshire,1,3,2021,2021-01-18,2020/2021
178,Devon,3,4,2021,2021-01-25,2020/2021
179,Cornwall,2,4,2021,2021-01-25,2020/2021
180,East Lothian,2,4,2021,2021-01-25,2020/2021
181,Cambridgeshire,1,5,2021,2021-02-01,2020/2021
182,Lancashire,1,5,2021,2021-02-01,2020/2021
183,West Yorkshire,1,10,2021,2021-03-08,2020/2021
184,Staffordshire,6,15,2021,2021-04-12,2020/2021
185,"Fife, Scotland",3,15,2021,2021-04-12,2020/2021
186,"Shetland, Scotland",3,30,2021,2021-07-26,2020/2021
187,"Flannan Isles, Outer Hebrides, Scotland",1,32,2021,2021-08-09,2020/2021
188,"St Kilda, Outer Hebrides, Scotland",3,33,2021,2021-08-16,2020/2021
189,"(Wrexham, Wales)",5,43,2021,2021-10-25,2021/2022
190,"(Preston, Lancashire)",1,43,2021,2021-10-25,2021/2022
191,"(Kirkaldy, Fife, Scotland)",1,43,2021,2021-10-25,2021/2022
192,"(Edinburgh, Scotland)",1,43,2021,2021-10-25,2021/2022
193,(Lancashire,1,43,2021,2021-10-25,2021/2022
194,(Lancashire),1,43,2021,2021-10-25,2021/2022
195,(Worcestershire),4,44,2021,2021-11-01,2021/2022
196,(Lancashire),2,44,2021,2021-11-01,2021/2022
197,(Lancashire),1,44,2021,2021-11-01,2021/2022
198,(Warwickshire),1,44,2021,2021-11-01,2021/2022
199,(Warwickshire),4,44,2021,2021-11-01,2021/2022
200,(Norfolk),1,44,2021,2021-11-01,2021/2022
201,(North Yorkshire),1,44,2021,2021-11-01,2021/2022
202,(Lancashire),2,44,2021,2021-11-01,2021/2022
203,"(Carmarthenshire, Wales)",1,44,2021,2021-11-01,2021/2022
204,Lancashire,3,45,2021,2021-11-08,2021/2022
205,Stratford-on-Avon District Council,33,45,2021,2021-11-08,2021/2022
206,Richmondshire,6,45,2021,2021-11-08,2021/2022
207,Bury,1,45,2021,2021-11-08,2021/2022
208,Ceredigion,2,45,2021,2021-11-08,2021/2022
209,City of Carlisle,1,45,2021,2021-11-08,2021/2022
210,East Riding of Yorkshire,2,45,2021,2021-11-08,2021/2022
211,"Pewsey, Wilts",1,45,2021,2021-11-08,2021/2022
212,Tewkesbury Borough,1,45,2021,2021-11-08,2021/2022
213,Wokingham BoroughÂ ,1,45,2021,2021-11-08,2021/2022
214,Malvern Hills District Council,3,45,2021,2021-11-08,2021/2022
215,West Lancashire Borough,1,45,2021,2021-11-08,2021/2022
216,Borough Council of Kings Lynn and West Norfolk,7,45,2021,2021-11-08,2021/2022
217,Fylde Borough Council,2,46,2021,2021-11-15,2021/2022
218,Arun District Council,1,46,2021,2021-11-15,2021/2022
219,Lichfield,2,46,2021,2021-11-15,2021/2022
220,Dumfries and Galloway,1,46,2021,2021-11-15,2021/2022
221,Fife,1,46,2021,2021-11-15,2021/2022
222,Powys,1,46,2021,2021-11-15,2021/2022
223,Sefton Metropolitan Borough Council,3,46,2021,2021-11-15,2021/2022
224,Lancaster City Council,1,46,2021,2021-11-15,2021/2022
225,Lancaster City Council,1,46,2021,2021-11-15,2021/2022
226,South Lakeland District Council,2,46,2021,2021-11-15,2021/2022
227,Dumfries and Galloway,1,46,2021,2021-11-15,2021/2022
228,Fylde Borough Council,1,46,2021,2021-11-15,2021/2022
229,Bury Metropolitan Borough Council,1,46,2021,2021-11-15,2021/2022
230,West Lancashire Borough Council,2,46,2021,2021-11-15,2021/2022
231,Stockport Metropolitan Borough Council,2,46,2021,2021-11-15,2021/2022
232,Fylde Borough Council,2,46,2021,2021-11-15,2021/2022
233,Blackpool Borough Council,2,46,2021,2021-11-15,2021/2022
234,Rushcliffe Borough Council,1,46,2021,2021-11-15,2021/2022
235,Borough Council of Kings Lynn and West Norfolk,1,46,2021,2021-11-15,2021/2022
236,Craven District Council,1,46,2021,2021-11-15,2021/2022
237,Northumberland,2,46,2021,2021-11-15,2021/2022
238,Northumberland,1,46,2021,2021-11-15,2021/2022
239,Stockton-on-Tees Borough Council,1,46,2021,2021-11-15,2021/2022
240,Bury Metropolitan Borough Council,1,46,2021,2021-11-15,2021/2022
241,Lichfield District Council,2,46,2021,2021-11-15,2021/2022
242,Stroud District Council,1,46,2021,2021-11-15,2021/2022
243,Dumfries and Galloway,1,46,2021,2021-11-15,2021/2022
244,Perth and Kinross Council,1,46,2021,2021-11-15,2021/2022
245,Walsall Metropolitan Borough Council,2,46,2021,2021-11-15,2021/2022
246,Sefton Metropolitan Borough Council,3,47,2021,2021-11-22,2021/2022
247,West Lancashire Borough,1,47,2021,2021-11-22,2021/2022
248,Bury Metropolitan Borough Council,2,47,2021,2021-11-22,2021/2022
249,Dumfriesshire,3,47,2021,2021-11-22,2021/2022
250,Rushcliffe Borough Council,1,47,2021,2021-11-22,2021/2022
251,Stroud District Council,2,47,2021,2021-11-22,2021/2022
252,South Ribble Borough Council,1,47,2021,2021-11-22,2021/2022
253,Wyre Council,1,47,2021,2021-11-22,2021/2022
254,Fylde Borough Council,1,47,2021,2021-11-22,2021/2022
255,Melton Borough Council,1,47,2021,2021-11-22,2021/2022
256,Charnwood Borough Council,1,47,2021,2021-11-22,2021/2022
257,East Suffolk District Council,2,47,2021,2021-11-22,2021/2022
258,Sedgefield,2,47,2021,2021-11-22,2021/2022
259,Dumfriesshire,1,47,2021,2021-11-22,2021/2022
260,Dumfriesshire,1,47,2021,2021-11-22,2021/2022
261,Dumfriesshire,1,47,2021,2021-11-22,2021/2022
262,Fife,2,47,2021,2021-11-22,2021/2022
263,Angus,2,47,2021,2021-11-22,2021/2022
264,Highland,1,47,2021,2021-11-22,2021/2022
265,Dorset,4,47,2021,2021-11-22,2021/2022
266,Walsall Metropolitan Borough Council,2,47,2021,2021-11-22,2021/2022
267,Lichfield District Council,2,47,2021,2021-11-22,2021/2022
268,Lancaster City Council,1,47,2021,2021-11-22,2021/2022
269,South Lakeland District Council,4,47,2021,2021-11-22,2021/2022
270,Rother District Council,1,47,2021,2021-11-22,2021/2022
271,North Northamptonshire,2,47,2021,2021-11-22,2021/2022
272,West Northamptonshire,1,47,2021,2021-11-22,2021/2022
273,Sandwell Metropolitan Borough Council,1,47,2021,2021-11-22,2021/2022
274,Walsall Metropolitan Borough Council,1,47,2021,2021-11-22,2021/2022
275,Aberdeenshire,1,47,2021,2021-11-22,2021/2022
276,Craven District Council,1,47,2021,2021-11-22,2021/2022
277,Cheshire East,7,47,2021,2021-11-22,2021/2022
278,Herefordshire,1,47,2021,2021-11-22,2021/2022
279,Blackpool Borough Council,2,47,2021,2021-11-22,2021/2022
280,Dumfries and Galloway,2,48,2021,2021-11-29,2021/2022
281,Dumfriesshire,2,48,2021,2021-11-29,2021/2022
282,Peterborough City Council,1,48,2021,2021-11-29,2021/2022
283,South Cambridgeshire District Council,1,48,2021,2021-11-29,2021/2022
284,West Lancashire Borough,1,48,2021,2021-11-29,2021/2022
285,Leeds City Council,1,48,2021,2021-11-29,2021/2022
286,Wokingham,1,48,2021,2021-11-29,2021/2022
287,Stratford-on-Avon District Council,7,48,2021,2021-11-29,2021/2022
288,City of Carlisle,1,48,2021,2021-11-29,2021/2022
289,Dumfriesshire,2,48,2021,2021-11-29,2021/2022
290,South Lanarkshire,1,48,2021,2021-11-29,2021/2022
291,Falkirk,1,48,2021,2021-11-29,2021/2022
292,Dumfriesshire,1,48,2021,2021-11-29,2021/2022
293,Dumfries and Galloway,1,48,2021,2021-11-29,2021/2022
294,Dumfriesshire,1,48,2021,2021-11-29,2021/2022
295,Stroud,5,48,2021,2021-11-29,2021/2022
296,Scottish Borders,1,48,2021,2021-11-29,2021/2022
297,Fylde Borough Council,1,48,2021,2021-11-29,2021/2022
298,Sefton Metropolitan Borough Council,3,48,2021,2021-11-29,2021/2022
299,Fylde Borough Council,3,48,2021,2021-11-29,2021/2022
300,Carlisle City Council,2,48,2021,2021-11-29,2021/2022
301,Allerdale Borough Council,1,48,2021,2021-11-29,2021/2022
302,South Norfolk District Council,1,48,2021,2021-11-29,2021/2022
303,North Norfolk District Council,1,48,2021,2021-11-29,2021/2022
304,North Norfolk District Council,2,48,2021,2021-11-29,2021/2022
305,Chelmsford City Council,2,48,2021,2021-11-29,2021/2022
306,West Northamptonshire,1,48,2021,2021-11-29,2021/2022
307,Sunderland City Council,6,48,2021,2021-11-29,2021/2022
308,Stockton-on-Tees Borough Council,3,48,2021,2021-11-29,2021/2022
309,Hartlepool Borough Council,1,48,2021,2021-11-29,2021/2022
310,Harrogate,2,48,2021,2021-11-29,2021/2022
311,Cheddar,1,48,2021,2021-11-29,2021/2022
312,Dorset,1,48,2021,2021-11-29,2021/2022
313,Dorset,1,48,2021,2021-11-29,2021/2022
314,Anglesey,1,48,2021,2021-11-29,2021/2022
315,Shropshire,2,48,2021,2021-11-29,2021/2022
316,Bury,1,48,2021,2021-11-29,2021/2022
317,Gwynedd Council,1,48,2021,2021-11-29,2021/2022
318,Dumfries and Galloway,1,48,2021,2021-11-29,2021/2022
319,Stroud,4,48,2021,2021-11-29,2021/2022
320,Allerdale Borough Council,3,49,2021,2021-12-06,2021/2022
321,Dumfries and Galloway,5,49,2021,2021-12-06,2021/2022
322,West Berkshire Council,3,49,2021,2021-12-06,2021/2022
323,Wokingham,1,49,2021,2021-12-06,2021/2022
324,Lewes,1,49,2021,2021-12-06,2021/2022
325,Chelmsford,1,49,2021,2021-12-06,2021/2022
326,South Oxfordshire,1,49,2021,2021-12-06,2021/2022
327,Gedling Borough,1,49,2021,2021-12-06,2021/2022
328,Durham,3,49,2021,2021-12-06,2021/2022
329,Teignbridge,1,49,2021,2021-12-06,2021/2022
330,Walsall Metropolitan Borough Council,2,49,2021,2021-12-06,2021/2022
331,Eden,1,49,2021,2021-12-06,2021/2022
332,Cheshire East,1,49,2021,2021-12-06,2021/2022
333,Shropshire,1,49,2021,2021-12-06,2021/2022
334,Halton Borough,1,49,2021,2021-12-06,2021/2022
335,Sunderland City Council,2,49,2021,2021-12-06,2021/2022
336,Angus,1,49,2021,2021-12-06,2021/2022
337,West Lancashire Borough,3,49,2021,2021-12-06,2021/2022
338,Scottish Borders,1,49,2021,2021-12-06,2021/2022
339,North Northamptonshire,1,49,2021,2021-12-06,2021/2022
340,East Riding of Yorkshire,1,49,2021,2021-12-06,2021/2022
341,Leeds City Council,1,49,2021,2021-12-06,2021/2022
342,Dorset,1,49,2021,2021-12-06,2021/2022
343,Stroud,4,49,2021,2021-12-06,2021/2022
344,West Lancashire Borough,3,49,2021,2021-12-06,2021/2022
345,Allerdale Borough Council,2,50,2021,2021-12-13,2021/2022
346,South Lakeland District Council,2,50,2021,2021-12-13,2021/2022
347,Harrogate,2,50,2021,2021-12-13,2021/2022
348,Ryedale District Council,1,50,2021,2021-12-13,2021/2022
349,Dorset,4,50,2021,2021-12-13,2021/2022
350,City of Wolverhampton Council,4,50,2021,2021-12-13,2021/2022
351,Dumfries and Galloway,8,50,2021,2021-12-13,2021/2022
352,West Lancashire Borough,2,50,2021,2021-12-13,2021/2022
353,South Lanarkshire,1,50,2021,2021-12-13,2021/2022
354,Stroud,2,50,2021,2021-12-13,2021/2022
355,Leeds City Council,1,50,2021,2021-12-13,2021/2022
356,Shropshire,2,50,2021,2021-12-13,2021/2022
357,Wigan Metropolitan Borough,2,50,2021,2021-12-13,2021/2022
358,Scottish Borders,1,50,2021,2021-12-13,2021/2022
359,Mendip District Council,1,50,2021,2021-12-13,2021/2022
360,Borough Council of Kings Lynn and West Norfolk,2,50,2021,2021-12-13,2021/2022
361,Dumfriesshire,4,50,2021,2021-12-13,2021/2022
362,Highland,1,50,2021,2021-12-13,2021/2022
363,Sunderland City Council,3,51,2021,2021-12-20,2021/2022
364,East Riding of Yorkshire,1,51,2021,2021-12-20,2021/2022
365,Dorset,17,51,2021,2021-12-20,2021/2022
366,West Lancashire Borough,1,51,2021,2021-12-20,2021/2022
367,Dumfries and Galloway,1,51,2021,2021-12-20,2021/2022
368,Aberdeenshire,1,51,2021,2021-12-20,2021/2022
369,Newcastle City Council,1,51,2021,2021-12-20,2021/2022
370,County Durham,1,51,2021,2021-12-20,2021/2022
371,Breckland,1,51,2021,2021-12-20,2021/2022
372,North Norfolk District Council,1,51,2021,2021-12-20,2021/2022
373,Carlisle City Council,1,51,2021,2021-12-20,2021/2022
374,Dumfries and Galloway,3,51,2021,2021-12-20,2021/2022
375,Walsall Metropolitan Borough Council,3,51,2021,2021-12-20,2021/2022
376,Sandwell Metropolitan Borough Council,3,51,2021,2021-12-20,2021/2022
377,Cheshire East,2,51,2021,2021-12-20,2021/2022
378,Borough Council of Kings Lynn and West Norfolk,1,51,2021,2021-12-20,2021/2022
379,Melton Borough Council,1,52,2021,2021-12-27,2021/2022
380,South Tyneside,3,52,2021,2021-12-27,2021/2022
381,South Lanarkshire,1,52,2021,2021-12-27,2021/2022
382,Dumfriesshire,9,52,2021,2021-12-27,2021/2022
383,Dumfries and Galloway,2,52,2021,2021-12-27,2021/2022
384,South Lanarkshire,1,52,2021,2021-12-27,2021/2022
385,North Somerset,1,52,2021,2021-12-27,2021/2022
386,Aberdeenshire,2,52,2021,2021-12-27,2021/2022
387,Warrington,1,52,2021,2021-12-27,2021/2022
388,St Helens,3,52,2021,2021-12-27,2021/2022
389,City of Wolverhampton Council,2,52,2021,2021-12-27,2021/2022
390,Glasgow City,1,52,2021,2021-12-27,2021/2022
391,Stockport Metropolitan Borough Council,1,52,2021,2021-12-27,2021/2022
392,Scottish Borders,2,52,2021,2021-12-27,2021/2022
393,Stroud,1,52,2021,2021-12-27,2021/2022
394,Midlothian,1,52,2021,2021-12-27,2021/2022
395,Huntingdonshire District,1,1,2022,2022-01-03,2021/2022
396,Leeds City Council,3,1,2022,2022-01-03,2021/2022
397,East Riding of Yorkshire,1,1,2022,2022-01-03,2021/2022
398,Bassetlaw District,1,1,2022,2022-01-03,2021/2022
399,Carlisle City Council,1,1,2022,2022-01-03,2021/2022
400,City of Bradford Metropolitan District,1,1,2022,2022-01-03,2021/2022
401,Durham,3,1,2022,2022-01-03,2021/2022
402,Richmondshire,1,1,2022,2022-01-03,2021/2022
403,Sheffield City Council,3,1,2022,2022-01-03,2021/2022
404,Test Valley Borough,1,1,2022,2022-01-03,2021/2022
405,Borough Council of Kings Lynn and West Norfolk,3,1,2022,2022-01-03,2021/2022
406,Walsall Metropolitan Borough Council,1,1,2022,2022-01-03,2021/2022
407,City of Wolverhampton Council,3,1,2022,2022-01-03,2021/2022
408,Sandwell Metropolitan Borough Council,1,1,2022,2022-01-03,2021/2022
409,Birmingham City Council,1,1,2022,2022-01-03,2021/2022
410,Mold,1,1,2022,2022-01-03,2021/2022
411,Cheshire East,2,1,2022,2022-01-03,2021/2022
412,Cheshire West and Chester,2,1,2022,2022-01-03,2021/2022
413,Stockport Metropolitan Borough Council,1,1,2022,2022-01-03,2021/2022
414,Wirral,2,1,2022,2022-01-03,2021/2022
415,Scottish Borders,1,1,2022,2022-01-03,2021/2022
416,Moray,1,1,2022,2022-01-03,2021/2022
417,Dumfries and Galloway,2,1,2022,2022-01-03,2021/2022
418,Aberdeenshire,1,2,2022,2022-01-10,2021/2022
419,Birmingham City Council,4,2,2022,2022-01-10,2021/2022
420,Carlisle City Council,3,2,2022,2022-01-10,2021/2022
421,Charnwood Borough Council,1,2,2022,2022-01-10,2021/2022
422,Cheshire East,2,2,2022,2022-01-10,2021/2022
423,Cheshire West and Chester,5,2,2022,2022-01-10,2021/2022
424,City of Edinburgh,2,2,2022,2022-01-10,2021/2022
425,Coventry City,2,2,2022,2022-01-10,2021/2022
426,Dumfries and Galloway,7,2,2022,2022-01-10,2021/2022
427,Moray,1,2,2022,2022-01-10,2021/2022
428,North Tyneside,1,2,2022,2022-01-10,2021/2022
429,Northumberland,3,2,2022,2022-01-10,2021/2022
430,Perth and Kinross,1,2,2022,2022-01-10,2021/2022
431,Renfrewshire,1,2,2022,2022-01-10,2021/2022
432,Scottish Borders,3,2,2022,2022-01-10,2021/2022
433,Shropshire,3,2,2022,2022-01-10,2021/2022
434,South Tyneside,2,2,2022,2022-01-10,2021/2022
435,Walsall Metropolitan Borough Council,1,2,2022,2022-01-10,2021/2022
436,Wirral,1,2,2022,2022-01-10,2021/2022
437,South Lakeland District Council,1,2,2022,2022-01-10,2021/2022
438,Doncaster Metropolitan Borough,1,3,2022,2022-01-17,2021/2022
439,Walsall Metropolitan Borough Council,1,3,2022,2022-01-17,2021/2022
440,South Lanarkshire,1,3,2022,2022-01-17,2021/2022
441,Scottish Borders,2,3,2022,2022-01-17,2021/2022
442,Eden,1,3,2022,2022-01-17,2021/2022
443,Mid Suffolk,1,3,2022,2022-01-17,2021/2022
444,Durham,3,3,2022,2022-01-17,2021/2022
445,Northumberland,2,3,2022,2022-01-17,2021/2022
446,East Devon,1,3,2022,2022-01-17,2021/2022
447,West Lancashire Borough,1,3,2022,2022-01-17,2021/2022
448,Sandwell Metropolitan Borough Council,1,3,2022,2022-01-17,2021/2022
449,West Lancashire Borough,1,3,2022,2022-01-17,2021/2022
450,Dumfries and Galloway,1,3,2022,2022-01-17,2021/2022
451,Borough Council of Kings Lynn and West Norfolk,1,3,2022,2022-01-17,2021/2022
452,Highland,2,3,2022,2022-01-17,2021/2022
453,Aberdeenshire,2,4,2022,2022-01-24,2021/2022
454,Angus,2,4,2022,2022-01-24,2021/2022
455,Birmingham City Council,2,4,2022,2022-01-24,2021/2022
456,Cornwall,5,4,2022,2022-01-24,2021/2022
457,Denbighshire,1,4,2022,2022-01-24,2021/2022
458,Dorset,1,4,2022,2022-01-24,2021/2022
459,Dumfries and Galloway,2,4,2022,2022-01-24,2021/2022
460,East Riding of Yorkshire,1,4,2022,2022-01-24,2021/2022
461,Fife,1,4,2022,2022-01-24,2021/2022
462,Harrogate,3,4,2022,2022-01-24,2021/2022
463,Herefordshire,2,4,2022,2022-01-24,2021/2022
464,London Borough of Hillingdon,3,4,2022,2022-01-24,2021/2022
465,North Northamptonshire,2,4,2022,2022-01-24,2021/2022
466,Perth and Kinross,3,4,2022,2022-01-24,2021/2022
467,South Ayrshire Council,1,4,2022,2022-01-24,2021/2022
468,Torridge District,2,4,2022,2022-01-24,2021/2022
469,Walsall Metropolitan Borough Council,3,4,2022,2022-01-24,2021/2022
470,Wirral,1,4,2022,2022-01-24,2021/2022
471,East Riding of Yorkshire,1,5,2022,2022-01-31,2021/2022
472,Carlisle City Council,1,5,2022,2022-01-31,2021/2022
473,Dorset,1,5,2022,2022-01-31,2021/2022
474,Herefordshire,1,5,2022,2022-01-31,2021/2022
475,East Staffordshire Borough,2,5,2022,2022-01-31,2021/2022
476,Staffordshire Moorlands District,1,5,2022,2022-01-31,2021/2022
477,Warrington,1,5,2022,2022-01-31,2021/2022
478,Trafford Metropolitan Borough,1,5,2022,2022-01-31,2021/2022
479,Powys,1,5,2022,2022-01-31,2021/2022
480,South Derbyshire District,2,5,2022,2022-01-31,2021/2022
481,Borough Council of Kings Lynn and West Norfolk,2,5,2022,2022-01-31,2021/2022
482,Perth and Kinross,1,5,2022,2022-01-31,2021/2022
483,Dumfries and Galloway,1,5,2022,2022-01-31,2021/2022
484,Aberdeen,2,5,2022,2022-01-31,2021/2022
485,Oxford City Council,2,5,2022,2022-01-31,2021/2022
486,Doncaster Metropolitan Borough,1,5,2022,2022-01-31,2021/2022
487,Durham,2,5,2022,2022-01-31,2021/2022
488,Wirral,1,5,2022,2022-01-31,2021/2022
489,Birmingham City Council,11,5,2022,2022-01-31,2021/2022
490,Sefton Metropolitan Borough Council,1,5,2022,2022-01-31,2021/2022
491,Perth and Kinross,2,5,2022,2022-01-31,2021/2022
492,Aberdeenshire,8,6,2022,2022-02-07,2021/2022
493,Angus,1,6,2022,2022-02-07,2021/2022
494,Ashfield,1,6,2022,2022-02-07,2021/2022
495,Birmingham City Council,5,6,2022,2022-02-07,2021/2022
496,Carmarthenshire,1,6,2022,2022-02-07,2021/2022
497,Cheshire East,2,6,2022,2022-02-07,2021/2022
498,Cheshire West and Chester,3,6,2022,2022-02-07,2021/2022
499,Chorley,1,6,2022,2022-02-07,2021/2022
500,City of Edinburgh,1,6,2022,2022-02-07,2021/2022
501,Dumfries and Galloway,1,6,2022,2022-02-07,2021/2022
502,East Riding of Yorkshire,1,6,2022,2022-02-07,2021/2022
503,Fife,2,6,2022,2022-02-07,2021/2022
504,Harrogate,3,6,2022,2022-02-07,2021/2022
505,Mansfield,3,6,2022,2022-02-07,2021/2022
506,Perth and Kinross,2,6,2022,2022-02-07,2021/2022
507,South Lakeland District Council,1,6,2022,2022-02-07,2021/2022
508,Stirling,1,6,2022,2022-02-07,2021/2022
509,Stroud,1,6,2022,2022-02-07,2021/2022
510,Vale of Glamorgan,1,6,2022,2022-02-07,2021/2022
511,West Lancashire Borough,1,6,2022,2022-02-07,2021/2022
512,Canterbury City Council,1,7,2022,2022-02-14,2021/2022
513,Leicester City Council,1,7,2022,2022-02-14,2021/2022
514,South Tyneside,1,7,2022,2022-02-14,2021/2022
515,Ashfield,2,7,2022,2022-02-14,2021/2022
516,East Staffordshire Borough,1,7,2022,2022-02-14,2021/2022
517,Moray,1,7,2022,2022-02-14,2021/2022
518,Clackmannanshire,1,7,2022,2022-02-14,2021/2022
519,North Tyneside,1,7,2022,2022-02-14,2021/2022
520,Vale of Glamorgan,1,7,2022,2022-02-14,2021/2022
521,Aberdeenshire,11,7,2022,2022-02-14,2021/2022
522,Aberdeen,1,7,2022,2022-02-14,2021/2022
523,Highland,1,7,2022,2022-02-14,2021/2022
524,Stroud,1,7,2022,2022-02-14,2021/2022
525,Aberdeenshire,3,8,2022,2022-02-21,2021/2022
526,Argyll and Bute,1,8,2022,2022-02-21,2021/2022
527,Ashfield,6,8,2022,2022-02-21,2021/2022
528,Carlisle City Council,2,8,2022,2022-02-21,2021/2022
529,City of Edinburgh,1,8,2022,2022-02-21,2021/2022
530,East Dunbartonshire,1,8,2022,2022-02-21,2021/2022
531,Fife,2,8,2022,2022-02-21,2021/2022
532,Forest of Dean District,1,8,2022,2022-02-21,2021/2022
533,High Peak Borough,1,8,2022,2022-02-21,2021/2022
534,Highland,3,8,2022,2022-02-21,2021/2022
535,Moray,1,8,2022,2022-02-21,2021/2022
536,North Northamptonshire,1,8,2022,2022-02-21,2021/2022
537,Nottingham City Council,2,8,2022,2022-02-21,2021/2022
538,Perth and Kinross,1,8,2022,2022-02-21,2021/2022
539,Scarborough Borough,1,8,2022,2022-02-21,2021/2022
540,Vale of Glamorgan,3,8,2022,2022-02-21,2021/2022
541,West Lancashire Borough,1,8,2022,2022-02-21,2021/2022
542,West Lothian,1,8,2022,2022-02-21,2021/2022
543,Wirral,1,8,2022,2022-02-21,2021/2022
544,Aberdeen,1,9,2022,2022-02-28,2021/2022
545,Aberdeenshire,3,9,2022,2022-02-28,2021/2022
546,Ceredigion,2,9,2022,2022-02-28,2021/2022
547,Cheshire East,1,9,2022,2022-02-28,2021/2022
548,Cheshire West and Chester,1,9,2022,2022-02-28,2021/2022
549,City of Cardiff,1,9,2022,2022-02-28,2021/2022
550,Doncaster Metropolitan Borough,1,9,2022,2022-02-28,2021/2022
551,East Dunbartonshire,1,9,2022,2022-02-28,2021/2022
552,Fife,1,9,2022,2022-02-28,2021/2022
553,Gedling Borough,2,9,2022,2022-02-28,2021/2022
554,Isle of Wight,1,9,2022,2022-02-28,2021/2022
555,Newcastle City Council,1,9,2022,2022-02-28,2021/2022
556,North Lanarkshire,1,9,2022,2022-02-28,2021/2022
557,Ryedale District Council,1,9,2022,2022-02-28,2021/2022
558,Scottish Borders,1,9,2022,2022-02-28,2021/2022
559,South Lanarkshire,1,9,2022,2022-02-28,2021/2022
560,Vale of Glamorgan,1,9,2022,2022-02-28,2021/2022
561,Aberdeen,1,10,2022,2022-03-07,2021/2022
562,Aberdeenshire,8,10,2022,2022-03-07,2021/2022
563,Angus,3,10,2022,2022-03-07,2021/2022
564,City of Cardiff,1,10,2022,2022-03-07,2021/2022
565,City of Edinburgh,1,10,2022,2022-03-07,2021/2022
566,Dumfries and Galloway,2,10,2022,2022-03-07,2021/2022
567,East Dunbartonshire,1,10,2022,2022-03-07,2021/2022
568,Fife,1,10,2022,2022-03-07,2021/2022
569,Herefordshire,3,10,2022,2022-03-07,2021/2022
570,Perth and Kinross,2,10,2022,2022-03-07,2021/2022
571,Scottish Borders,1,10,2022,2022-03-07,2021/2022
572,South Lanarkshire,1,10,2022,2022-03-07,2021/2022
573,Vale of Glamorgan,1,10,2022,2022-03-07,2021/2022
574,West Lothian,1,10,2022,2022-03-07,2021/2022
575,Aberdeenshire,4,11,2022,2022-03-14,2021/2022
576,Argyll and Bute,2,11,2022,2022-03-14,2021/2022
577,Cheshire West and Chester,2,11,2022,2022-03-14,2021/2022
578,Erewash Borough,1,11,2022,2022-03-14,2021/2022
579,Exeter City Council,1,11,2022,2022-03-14,2021/2022
580,Fife,1,11,2022,2022-03-14,2021/2022
581,Flintshire,1,11,2022,2022-03-14,2021/2022
582,Inverclyde,1,11,2022,2022-03-14,2021/2022
583,Lancaster City Council,1,11,2022,2022-03-14,2021/2022
584,Moray,1,11,2022,2022-03-14,2021/2022
585,Sedgemoor District,1,11,2022,2022-03-14,2021/2022
586,West Lancashire Borough,1,11,2022,2022-03-14,2021/2022
587,West Lothian,1,11,2022,2022-03-14,2021/2022
588,Wigan Metropolitan Borough,1,11,2022,2022-03-14,2021/2022
589,Aberdeen,1,12,2022,2022-03-21,2021/2022
590,Aberdeenshire,13,12,2022,2022-03-21,2021/2022
591,Ashfield,4,12,2022,2022-03-21,2021/2022
592,Barnsley Metropolitan Borough,1,12,2022,2022-03-21,2021/2022
593,Fife,1,12,2022,2022-03-21,2021/2022
594,Moray,2,12,2022,2022-03-21,2021/2022
595,Orkney,1,12,2022,2022-03-21,2021/2022
596,Ryedale District Council,1,12,2022,2022-03-21,2021/2022
597,South Lanarkshire,1,12,2022,2022-03-21,2021/2022
598,Vale of Glamorgan,1,12,2022,2022-03-21,2021/2022
599,Powys,1,12,2022,2022-03-21,2021/2022
600,Aberdeenshire,5,13,2022,2022-03-28,2021/2022
601,Arun District Council,1,13,2022,2022-03-28,2021/2022
602,Cheshire East,5,13,2022,2022-03-28,2021/2022
603,Cheshire West and Chester,1,13,2022,2022-03-28,2021/2022
604,City of Cardiff,1,13,2022,2022-03-28,2021/2022
605,City of Edinburgh,1,13,2022,2022-03-28,2021/2022
606,East Dunbartonshire,1,13,2022,2022-03-28,2021/2022
607,Exeter City Council,9,13,2022,2022-03-28,2021/2022
608,Fife,2,13,2022,2022-03-28,2021/2022
609,Highland,6,13,2022,2022-03-28,2021/2022
610,Moray,1,13,2022,2022-03-28,2021/2022
611,North Lanarkshire,1,13,2022,2022-03-28,2021/2022
612,Perth and Kinross,1,13,2022,2022-03-28,2021/2022
613,South Lanarkshire,1,13,2022,2022-03-28,2021/2022
614,Aberdeenshire,4,14,2022,2022-04-04,2021/2022
615,Birmingham City Council,2,14,2022,2022-04-04,2021/2022
616,Borough Council of Kings Lynn and West Norfolk,2,14,2022,2022-04-04,2021/2022
617,East Devon,3,14,2022,2022-04-04,2021/2022
618,Exeter City Council,1,14,2022,2022-04-04,2021/2022
619,Glasgow City,1,14,2022,2022-04-04,2021/2022
620,Halton Borough,1,14,2022,2022-04-04,2021/2022
621,Highland,18,14,2022,2022-04-04,2021/2022
622,Leeds City Council,2,14,2022,2022-04-04,2021/2022
623,London Borough of Richmond upon Thames,1,14,2022,2022-04-04,2021/2022
624,Moray,4,14,2022,2022-04-04,2021/2022
625,Newark and Sherwood,3,14,2022,2022-04-04,2021/2022
626,Powys,4,14,2022,2022-04-04,2021/2022
627,St Helens Council,1,14,2022,2022-04-04,2021/2022
628,Stroud,1,14,2022,2022-04-04,2021/2022
629,Tewkesbury Borough,1,14,2022,2022-04-04,2021/2022
630,Torbay Council,1,14,2022,2022-04-04,2021/2022
631,Vale of Glamorgan,1,14,2022,2022-04-04,2021/2022
632,Wychavon,3,14,2022,2022-04-04,2021/2022
633,Aberdeen,1,15,2022,2022-04-11,2021/2022
634,Aberdeenshire,2,15,2022,2022-04-11,2021/2022
635,City of Bradford Metropolitan District,1,15,2022,2022-04-11,2021/2022
636,Clackmannanshire,1,15,2022,2022-04-11,2021/2022
637,East Dunbartonshire,1,15,2022,2022-04-11,2021/2022
638,Herefordshire,1,15,2022,2022-04-11,2021/2022
639,Mid Devon,2,15,2022,2022-04-11,2021/2022
640,Moray,5,15,2022,2022-04-11,2021/2022
641,Newark and Sherwood,7,15,2022,2022-04-11,2021/2022
642,Scottish Borders,1,15,2022,2022-04-11,2021/2022
643,Aberdeenshire,4,16,2022,2022-04-18,2021/2022
644,East Dunbartonshire,1,16,2022,2022-04-18,2021/2022
645,Highland,2,16,2022,2022-04-18,2021/2022
646,Moray,1,16,2022,2022-04-18,2021/2022
647,Newark and Sherwood,1,16,2022,2022-04-18,2021/2022
648,Vale of Glamorgan,2,16,2022,2022-04-18,2021/2022
649,Aberdeenshire,7,17,2022,2022-04-25,2021/2022
650,Amber Valley,1,17,2022,2022-04-25,2021/2022
651,Clackmannanshire,1,17,2022,2022-04-25,2021/2022
652,East Devon,1,17,2022,2022-04-25,2021/2022
653,Highland,1,17,2022,2022-04-25,2021/2022
654,Mid Devon,7,17,2022,2022-04-25,2021/2022
655,Moray,1,17,2022,2022-04-25,2021/2022
656,Newark and Sherwood,3,17,2022,2022-04-25,2021/2022
657,Nottinghamshire,13,17,2022,2022-04-25,2021/2022
658,Perth and Kinross,1,17,2022,2022-04-25,2021/2022
659,Shetland Islands,4,17,2022,2022-04-25,2021/2022
660,South Staffordshire,1,17,2022,2022-04-25,2021/2022
661,Sunderland,1,17,2022,2022-04-25,2021/2022
662,Swindon,1,17,2022,2022-04-25,2021/2022
663,Aberdeenshire,1,18,2022,2022-05-02,2021/2022
664,Amber Valley,2,18,2022,2022-05-02,2021/2022
665,East Cambridgeshire,1,18,2022,2022-05-02,2021/2022
666,East Riding of Yorkshire,1,18,2022,2022-05-02,2021/2022
667,Fife,2,18,2022,2022-05-02,2021/2022
668,Moray,1,18,2022,2022-05-02,2021/2022
669,Newark and Sherwood,6,18,2022,2022-05-02,2021/2022
670,Arun District Council,1,19,2022,2022-05-09,2021/2022
671,Conwy,1,19,2022,2022-05-09,2021/2022
672,Highland,7,19,2022,2022-05-09,2021/2022
673,Mid Devon,4,19,2022,2022-05-09,2021/2022
674,Moray,2,19,2022,2022-05-09,2021/2022
675,Stirling,2,19,2022,2022-05-09,2021/2022
676,Stratford-on-Avon District Council,1,19,2022,2022-05-09,2021/2022
677,Newark and Sherwood,3,20,2022,2022-05-16,2021/2022
678,Perth and Kinross,2,20,2022,2022-05-16,2021/2022
679,Shetland Islands,3,20,2022,2022-05-16,2021/2022
680,Aberdeenshire,5,21,2022,2022-05-23,2021/2022
681,Mansfield,1,21,2022,2022-05-23,2021/2022
682,Orkney Islands,1,21,2022,2022-05-23,2021/2022
683,North Warwickshire,1,22,2022,2022-05-30,2021/2022
684,Western Isles,3,22,2022,2022-05-30,2021/2022
685,Aberdeenshire,6,23,2022,2022-06-06,2021/2022
686,Highland,1,23,2022,2022-06-06,2021/2022
687,Moray,2,23,2022,2022-06-06,2021/2022
688,North West Leicestershire,1,23,2022,2022-06-06,2021/2022
689,Orkney Islands,5,23,2022,2022-06-06,2021/2022
690,Shetland Islands,1,23,2022,2022-06-06,2021/2022
691,Rother District Council,1,23,2022,2022-06-06,2021/2022
692,Aberdeen,9,24,2022,2022-06-13,2021/2022
693,Aberdeenshire,9,24,2022,2022-06-13,2021/2022
694,Angus,8,24,2022,2022-06-13,2021/2022
695,Arun District Council,1,24,2022,2022-06-13,2021/2022
696,Brighton and Hove City Council,3,24,2022,2022-06-13,2021/2022
697,City of Edinburgh,2,24,2022,2022-06-13,2021/2022
698,Dover,4,24,2022,2022-06-13,2021/2022
699,East Lothian,9,24,2022,2022-06-13,2021/2022
700,East Suffolk District Council,3,24,2022,2022-06-13,2021/2022
701,Fife,17,24,2022,2022-06-13,2021/2022
702,Hartlepool Borough Council,4,24,2022,2022-06-13,2021/2022
703,Highland,4,24,2022,2022-06-13,2021/2022
704,Northumberland,19,24,2022,2022-06-13,2021/2022
705,Orkney,3,24,2022,2022-06-13,2021/2022
706,Redcar and Cleveland Borough,2,24,2022,2022-06-13,2021/2022
707,Rother District Council,23,24,2022,2022-06-13,2021/2022
708,Scottish Borders,1,24,2022,2022-06-13,2021/2022
709,Shetland Islands,21,24,2022,2022-06-13,2021/2022
710,Western Isles,4,24,2022,2022-06-13,2021/2022
711,Aberdeen,3,25,2022,2022-06-20,2021/2022
712,Aberdeenshire,7,25,2022,2022-06-20,2021/2022
713,Anglesey,1,25,2022,2022-06-20,2021/2022
714,Angus,6,25,2022,2022-06-20,2021/2022
715,Arun District Council,1,25,2022,2022-06-20,2021/2022
716,Borough Council of Kings Lynn and West Norfolk,1,25,2022,2022-06-20,2021/2022
717,Carmarthenshire,1,25,2022,2022-06-20,2021/2022
718,Ceredigion,2,25,2022,2022-06-20,2021/2022
719,Copeland Borough,1,25,2022,2022-06-20,2021/2022
720,Dumfries and Galloway,1,25,2022,2022-06-20,2021/2022
721,Fife,4,25,2022,2022-06-20,2021/2022
722,Highland,2,25,2022,2022-06-20,2021/2022
723,London Borough of Richmond upon Thames,2,25,2022,2022-06-20,2021/2022
724,Mid Devon,3,25,2022,2022-06-20,2021/2022
725,Northumberland,3,25,2022,2022-06-20,2021/2022
726,Arun District Council,3,26,2022,2022-06-27,2021/2022
727,Brighton and Hove City Council,4,26,2022,2022-06-27,2021/2022
728,Craven District Council,1,26,2022,2022-06-27,2021/2022
729,Dorset,5,26,2022,2022-06-27,2021/2022
730,Eastbourne Borough Council,3,26,2022,2022-06-27,2021/2022
731,Fife,1,26,2022,2022-06-27,2021/2022
732,Folkestone and Hythe District Council,2,26,2022,2022-06-27,2021/2022
733,Harrogate,1,26,2022,2022-06-27,2021/2022
734,Hastings Borough Council,1,26,2022,2022-06-27,2021/2022
735,Highland,1,26,2022,2022-06-27,2021/2022
736,Lewes,10,26,2022,2022-06-27,2021/2022
737,Northumberland,7,26,2022,2022-06-27,2021/2022
738,Rother District Council,12,26,2022,2022-06-27,2021/2022
739,Wealden District Council,1,26,2022,2022-06-27,2021/2022
740,Aberdeenshire,3,27,2022,2022-07-04,2021/2022
741,Angus,8,27,2022,2022-07-04,2021/2022
742,Arun District Council,3,27,2022,2022-07-04,2021/2022
743,Basildon Borough,4,27,2022,2022-07-04,2021/2022
744,Braintree District,1,27,2022,2022-07-04,2021/2022
745,Castle Point Borough,1,27,2022,2022-07-04,2021/2022
746,Chichester,4,27,2022,2022-07-04,2021/2022
747,Dorset,7,27,2022,2022-07-04,2021/2022
748,Highland,20,27,2022,2022-07-04,2021/2022
749,London Borough of Richmond upon Thames,1,27,2022,2022-07-04,2021/2022
750,South Tyneside,2,27,2022,2022-07-04,2021/2022
751,Sunderland,1,27,2022,2022-07-04,2021/2022
752,Angus,4,28,2022,2022-07-11,2021/2022
753,Argyll and Bute,2,28,2022,2022-07-11,2021/2022
754,Borough Council of Kings Lynn and West Norfolk,4,28,2022,2022-07-11,2021/2022
755,Cornwall,1,28,2022,2022-07-11,2021/2022
756,Fife,2,28,2022,2022-07-11,2021/2022
757,Highland,2,28,2022,2022-07-11,2021/2022
758,Mansfield,1,28,2022,2022-07-11,2021/2022
759,Moray,1,28,2022,2022-07-11,2021/2022
760,Scottish Borders,2,28,2022,2022-07-11,2021/2022
761,Aberdeenshire,1,29,2022,2022-07-18,2021/2022
762,Argyll and Bute,3,29,2022,2022-07-18,2021/2022
763,Bristol,1,29,2022,2022-07-18,2021/2022
764,Castle Point Borough,1,29,2022,2022-07-18,2021/2022
765,Dorset,5,29,2022,2022-07-18,2021/2022
766,Durham,1,29,2022,2022-07-18,2021/2022
767,Highland,1,29,2022,2022-07-18,2021/2022
768,Moray,5,29,2022,2022-07-18,2021/2022
769,Redcar and Cleveland Borough,2,29,2022,2022-07-18,2021/2022
770,Shetland Islands,7,29,2022,2022-07-18,2021/2022
771,Thurrock Council,2,29,2022,2022-07-18,2021/2022
772,Arun District Council,1,30,2022,2022-07-25,2021/2022
773,Dorset,5,30,2022,2022-07-25,2021/2022
774,Huntingdonshire District,2,30,2022,2022-07-25,2021/2022
775,North Ayrshire Council,3,30,2022,2022-07-25,2021/2022
776,North Tyneside,2,30,2022,2022-07-25,2021/2022
777,North Yorkshire,3,30,2022,2022-07-25,2021/2022
778,Northumberland,9,30,2022,2022-07-25,2021/2022
779,Orkney Islands,1,30,2022,2022-07-25,2021/2022
780,South Ayrshire Council,9,30,2022,2022-07-25,2021/2022
781,Aberdeenshire,3,31,2022,2022-08-01,2021/2022
782,Angus,3,31,2022,2022-08-01,2021/2022
783,Argyll and Bute,1,31,2022,2022-08-01,2021/2022
784,Durham,1,31,2022,2022-08-01,2021/2022
785,Fife,3,31,2022,2022-08-01,2021/2022
786,Highland,2,31,2022,2022-08-01,2021/2022
787,Nottingham City Council,3,31,2022,2022-08-01,2021/2022
788,Pembrokeshire,4,31,2022,2022-08-01,2021/2022
789,Northumberland,2,32,2022,2022-08-08,2021/2022
790,Fife,1,32,2022,2022-08-08,2021/2022
791,Moray,1,32,2022,2022-08-08,2021/2022
792,Huntingdonshire District,4,32,2022,2022-08-08,2021/2022
793,Leicester City Council,3,32,2022,2022-08-08,2021/2022
794,South Tyneside,5,32,2022,2022-08-08,2021/2022
795,Aberdeenshire,2,33,2022,2022-08-15,2021/2022
796,Argyll and Bute,1,33,2022,2022-08-15,2021/2022
797,Cornwall,2,33,2022,2022-08-15,2021/2022
798,East Riding of Yorkshire,2,33,2022,2022-08-15,2021/2022
799,Hastings Borough Council,1,33,2022,2022-08-15,2021/2022
800,Mid Devon,1,33,2022,2022-08-15,2021/2022
801,North West Leicestershire,3,33,2022,2022-08-15,2021/2022
802,Stoke-on-Trent City Council,2,33,2022,2022-08-15,2021/2022
803,Western Isles,1,33,2022,2022-08-15,2021/2022
804,Cornwall,3,34,2022,2022-08-22,2021/2022
805,Hartlepool Borough Council,1,34,2022,2022-08-22,2021/2022
806,Highland,1,34,2022,2022-08-22,2021/2022
807,Leicester City Council,1,34,2022,2022-08-22,2021/2022
808,Pembrokeshire,1,34,2022,2022-08-22,2021/2022
809,Sunderland,1,34,2022,2022-08-22,2021/2022
810,Canterbury District Council,1,34,2022,2022-08-22,2021/2022
811,Blackpool Borough Council,1,35,2022,2022-08-29,2021/2022
812,Ceredigion County Council,2,35,2022,2022-08-29,2021/2022
813,Cornwall Council,14,35,2022,2022-08-29,2021/2022
814,Devon County Council,1,35,2022,2022-08-29,2021/2022
815,Durham,1,35,2022,2022-08-29,2021/2022
816,Isles of Scilly,2,35,2022,2022-08-29,2021/2022
817,Norfolk County Council,6,35,2022,2022-08-29,2021/2022
818,Carmarthenshire,1,36,2022,2022-09-05,2021/2022
819,Cornwall Council,9,36,2022,2022-09-05,2021/2022
820,Fife,1,36,2022,2022-09-05,2021/2022
821,Plymouth City Council,1,36,2022,2022-09-05,2021/2022
822,South Hams District Council,2,36,2022,2022-09-05,2021/2022
823,Teignbridge,4,36,2022,2022-09-05,2021/2022
824,Torbay Council,2,36,2022,2022-09-05,2021/2022
825,Cheshire East,6,37,2022,2022-09-12,2021/2022
826,Cornwall Council,11,37,2022,2022-09-12,2021/2022
827,East Devon,2,37,2022,2022-09-12,2021/2022
828,East Riding of Yorkshire,1,37,2022,2022-09-12,2021/2022
829,Gwynedd Council,8,37,2022,2022-09-12,2021/2022
830,New Forest,1,37,2022,2022-09-12,2021/2022
831,Pembrokeshire,1,37,2022,2022-09-12,2021/2022
832,Plymouth City Council,2,37,2022,2022-09-12,2021/2022
833,Scarborough Borough,4,37,2022,2022-09-12,2021/2022
834,South Hams District Council,1,37,2022,2022-09-12,2021/2022
835,Stroud,3,37,2022,2022-09-12,2021/2022
836,Western Isles,1,37,2022,2022-09-12,2021/2022
837,"Bournemouth, Christchurch and Poole Council",1,38,2022,2022-09-19,2021/2022
838,Cheshire East,4,38,2022,2022-09-19,2021/2022
839,Cornwall Council,5,38,2022,2022-09-19,2021/2022
840,Cotswold District,1,38,2022,2022-09-19,2021/2022
841,Hartlepool Borough Council,1,38,2022,2022-09-19,2021/2022
842,Highland,3,38,2022,2022-09-19,2021/2022
843,Stroud,4,38,2022,2022-09-19,2021/2022
844,Western Isles,1,38,2022,2022-09-19,2021/2022
845,Bedford Borough,5,39,2022,2022-09-26,2021/2022
846,Broadland District,1,39,2022,2022-09-26,2021/2022
847,Carmarthenshire,1,39,2022,2022-09-26,2021/2022
848,Cheshire East,4,39,2022,2022-09-26,2021/2022
849,Cornwall Council,1,39,2022,2022-09-26,2021/2022
850,Dorset,1,39,2022,2022-09-26,2021/2022
851,Mid Suffolk,1,39,2022,2022-09-26,2021/2022
852,Scottish Borders,3,39,2022,2022-09-26,2021/2022
853,Shetland Islands,1,39,2022,2022-09-26,2021/2022
854,South Kesteven District,5,39,2022,2022-09-26,2021/2022
855,Stroud,2,39,2022,2022-09-26,2021/2022
856,West Lancashire Borough,1,39,2022,2022-09-26,2021/2022
857,West Suffolk,1,39,2022,2022-09-26,2021/2022
858,Broadland,2,40,2022,2022-10-03,2022/2023
859,Carmarthenshire,1,40,2022,2022-10-03,2022/2023
860,Cheshire East,2,40,2022,2022-10-03,2022/2023
861,Cornwall,5,40,2022,2022-10-03,2022/2023
862,Falkirk,1,40,2022,2022-10-03,2022/2023
863,Highland,1,40,2022,2022-10-03,2022/2023
864,Hinckley and Bosworth,2,40,2022,2022-10-03,2022/2023
865,King's Lynn,1,40,2022,2022-10-03,2022/2023
866,Lancaster,5,40,2022,2022-10-03,2022/2023
867,Maidstone,2,40,2022,2022-10-03,2022/2023
868,Newport,2,40,2022,2022-10-03,2022/2023
869,Pembrokeshire,1,40,2022,2022-10-03,2022/2023
870,Stoke-on-Trent,3,40,2022,2022-10-03,2022/2023
871,Stroud,4,40,2022,2022-10-03,2022/2023
872,Swindon,3,40,2022,2022-10-03,2022/2023
873,Arun,1,41,2022,2022-10-10,2022/2023
874,Babergh,5,41,2022,2022-10-10,2022/2023
875,Cheshire East,1,41,2022,2022-10-10,2022/2023
876,Colchester,6,41,2022,2022-10-10,2022/2023
877,Cornwall,2,41,2022,2022-10-10,2022/2023
878,Dudley Metropolitan Borough,3,41,2022,2022-10-10,2022/2023
879,East Suffolk,3,41,2022,2022-10-10,2022/2023
880,King's Lynn and West Norfolk,1,41,2022,2022-10-10,2022/2023
881,Mid Suffolk,3,41,2022,2022-10-10,2022/2023
882,Newcastle City Council,1,41,2022,2022-10-10,2022/2023
883,Newcastle-under-Lyme,2,41,2022,2022-10-10,2022/2023
884,Powys,4,41,2022,2022-10-10,2022/2023
885,Redbridge,1,41,2022,2022-10-10,2022/2023
886,Richmond upon Thames,1,41,2022,2022-10-10,2022/2023
887,Rutland,1,41,2022,2022-10-10,2022/2023
888,Solihull Metropolitan,4,41,2022,2022-10-10,2022/2023
889,Staffordshire Moorlands,2,41,2022,2022-10-10,2022/2023
890,Stirling,1,41,2022,2022-10-10,2022/2023
891,Stroud,4,41,2022,2022-10-10,2022/2023
892,Sunderland City Council,1,41,2022,2022-10-10,2022/2023
893,Vale of Glamorgan,3,41,2022,2022-10-10,2022/2023
894,West Lancashire,1,41,2022,2022-10-10,2022/2023
895,West Suffolk,5,41,2022,2022-10-10,2022/2023
896,Arun,1,42,2022,2022-10-17,2022/2023
897,Blaby,1,42,2022,2022-10-17,2022/2023
898,Braintree,3,42,2022,2022-10-17,2022/2023
899,Brentwood,1,42,2022,2022-10-17,2022/2023
900,Carmarthenshire,2,42,2022,2022-10-17,2022/2023
901,City and County of Swansea,2,42,2022,2022-10-17,2022/2023
902,Colchester,1,42,2022,2022-10-17,2022/2023
903,Cornwall,1,42,2022,2022-10-17,2022/2023
904,Coventry City,1,42,2022,2022-10-17,2022/2023
905,Harrogate,3,42,2022,2022-10-17,2022/2023
906,North Northamptonshire,1,42,2022,2022-10-17,2022/2023
907,Rochford,1,42,2022,2022-10-17,2022/2023
908,Sedgemoor,1,42,2022,2022-10-17,2022/2023
909,Shropshire,1,42,2022,2022-10-17,2022/2023
910,Somerset West and Taunton,3,42,2022,2022-10-17,2022/2023
911,South Lakeland,3,42,2022,2022-10-17,2022/2023
912,Vale of Glamorgan,3,42,2022,2022-10-17,2022/2023
913,West Lancashire,2,42,2022,2022-10-17,2022/2023
914,West Northamptonshire,3,42,2022,2022-10-17,2022/2023
915,Wiltshire,2,42,2022,2022-10-17,2022/2023
916,Worcester City,3,42,2022,2022-10-17,2022/2023
917,Stratford-on-Avon,1,42,2022,2022-10-17,2022/2023
918,Anglesey,6,43,2022,2022-10-24,2022/2023
919,Babergh,4,43,2022,2022-10-24,2022/2023
920,Broadland,2,43,2022,2022-10-24,2022/2023
921,Cheshire East,1,43,2022,2022-10-24,2022/2023
922,Cheshire West and Chester,4,43,2022,2022-10-24,2022/2023
923,East Suffolk,1,43,2022,2022-10-24,2022/2023
924,Horsham,1,43,2022,2022-10-24,2022/2023
925,King's Lynn and West Norfolk,2,43,2022,2022-10-24,2022/2023
926,Maidstone,1,43,2022,2022-10-24,2022/2023
927,New Forest,1,43,2022,2022-10-24,2022/2023
928,Orkney Islands,1,43,2022,2022-10-24,2022/2023
929,Preston City,1,43,2022,2022-10-24,2022/2023
930,Redbridge,1,43,2022,2022-10-24,2022/2023
931,Richmond upon Thames,8,43,2022,2022-10-24,2022/2023
932,Solihull Metropolitan,1,43,2022,2022-10-24,2022/2023
933,Staffordshire Moorlands,3,43,2022,2022-10-24,2022/2023
934,Stoke-on-Trent,4,43,2022,2022-10-24,2022/2023
935,Swale,1,43,2022,2022-10-24,2022/2023
936,Uttlesford,2,43,2022,2022-10-24,2022/2023
937,Wakefield Metropolitan,1,43,2022,2022-10-24,2022/2023
938,West Lancashire,5,43,2022,2022-10-24,2022/2023
939,Amber Valley,1,44,2022,2022-10-31,2022/2023
940,Arun,1,44,2022,2022-10-31,2022/2023
941,Birmingham City,1,44,2022,2022-10-31,2022/2023
942,Carmarthenshire,3,44,2022,2022-10-31,2022/2023
943,Cheshire East,2,44,2022,2022-10-31,2022/2023
944,Cheshire West and Chester,2,44,2022,2022-10-31,2022/2023
945,City of Wolverhampton,1,44,2022,2022-10-31,2022/2023
946,Coventry City,3,44,2022,2022-10-31,2022/2023
947,Derby City,1,44,2022,2022-10-31,2022/2023
948,East Riding of Yorkshire,10,44,2022,2022-10-31,2022/2023
949,Highland,1,44,2022,2022-10-31,2022/2023
950,Hull City,3,44,2022,2022-10-31,2022/2023
951,King's Lynn and West Norfolk,3,44,2022,2022-10-31,2022/2023
952,Leeds,3,44,2022,2022-10-31,2022/2023
953,Leicester City,1,44,2022,2022-10-31,2022/2023
954,Lichfield,2,44,2022,2022-10-31,2022/2023
955,New Forest,4,44,2022,2022-10-31,2022/2023
956,North Ayrshire,3,44,2022,2022-10-31,2022/2023
957,Orkney,2,44,2022,2022-10-31,2022/2023
958,Redbridge,2,44,2022,2022-10-31,2022/2023
959,Richmond upon Thames,4,44,2022,2022-10-31,2022/2023
960,Sedgemoor,2,44,2022,2022-10-31,2022/2023
961,Spelthorne,1,44,2022,2022-10-31,2022/2023
962,Staffordshire Moorlands,1,44,2022,2022-10-31,2022/2023
963,Swindon,1,44,2022,2022-10-31,2022/2023
964,Wiltshire,3,44,2022,2022-10-31,2022/2023
965,Amber Valley,2,45,2022,2022-11-07,2022/2023
966,Birmingham City,5,45,2022,2022-11-07,2022/2023
967,Blackburn with Darwen,2,45,2022,2022-11-07,2022/2023
968,Bromsgrove,1,45,2022,2022-11-07,2022/2023
969,Carmarthenshire,1,45,2022,2022-11-07,2022/2023
970,Chichester,2,45,2022,2022-11-07,2022/2023
971,Dorset,2,45,2022,2022-11-07,2022/2023
972,East Cambridgeshire,1,45,2022,2022-11-07,2022/2023
973,East Riding of Yorkshire,1,45,2022,2022-11-07,2022/2023
974,Elmbridge,2,45,2022,2022-11-07,2022/2023
975,King's Lynn and West Norfolk,3,45,2022,2022-11-07,2022/2023
976,Lewes,4,45,2022,2022-11-07,2022/2023
977,Maldon,1,45,2022,2022-11-07,2022/2023
978,Mid Suffolk,1,45,2022,2022-11-07,2022/2023
979,New Forest,2,45,2022,2022-11-07,2022/2023
980,North Northamptonshire,2,45,2022,2022-11-07,2022/2023
981,North Somerset,1,45,2022,2022-11-07,2022/2023
982,Northumberland,1,45,2022,2022-11-07,2022/2023
983,Redbridge,2,45,2022,2022-11-07,2022/2023
984,Scottish Borders,4,45,2022,2022-11-07,2022/2023
985,South Staffordshire,1,45,2022,2022-11-07,2022/2023
986,Stoke-on-Trent,4,45,2022,2022-11-07,2022/2023
987,Sunderland City Council,1,45,2022,2022-11-07,2022/2023
988,Waltham Forest,2,45,2022,2022-11-07,2022/2023
989,West Lancashire,5,45,2022,2022-11-07,2022/2023
990,West Northamptonshire,1,45,2022,2022-11-07,2022/2023
991,Central Bedfordshire,5,46,2022,2022-11-14,2022/2023
992,City of York,4,46,2022,2022-11-14,2022/2023
993,Darlington,2,46,2022,2022-11-14,2022/2023
994,Dorset,2,46,2022,2022-11-14,2022/2023
995,East Riding of Yorkshire,6,46,2022,2022-11-14,2022/2023
996,Fenland,1,46,2022,2022-11-14,2022/2023
997,Harrogate,3,46,2022,2022-11-14,2022/2023
998,Hull City,4,46,2022,2022-11-14,2022/2023
999,King's Lynn and West Norfolk,3,46,2022,2022-11-14,2022/2023
1000,Leeds,1,46,2022,2022-11-14,2022/2023
1001,Peterborough City,3,46,2022,2022-11-14,2022/2023
1002,Redcar and Cleveland,3,46,2022,2022-11-14,2022/2023
1003,South Hams,1,46,2022,2022-11-14,2022/2023
1004,South Norfolk,1,46,2022,2022-11-14,2022/2023
1005,Stafford,1,46,2022,2022-11-14,2022/2023
1006,Stockton-on-Tees,4,46,2022,2022-11-14,2022/2023
1007,West Lancashire,1,46,2022,2022-11-14,2022/2023
1008,AberdeenshireÂ ,1,47,2022,2022-11-21,2022/2023
1009,Argyll and Bute,3,47,2022,2022-11-21,2022/2023
1010,"Bournemouth, Christchurch and Poole",2,47,2022,2022-11-21,2022/2023
1011,Chelmsford,1,47,2022,2022-11-21,2022/2023
1012,Dartford,1,47,2022,2022-11-21,2022/2023
1013,Dorset,1,47,2022,2022-11-21,2022/2023
1014,Glasgow,3,47,2022,2022-11-21,2022/2023
1015,Hambleton,2,47,2022,2022-11-21,2022/2023
1016,Harrogate,4,47,2022,2022-11-21,2022/2023
1017,Hertsmere,1,47,2022,2022-11-21,2022/2023
1018,Highland,3,47,2022,2022-11-21,2022/2023
1019,Kings Lynn and West Norfolk,1,47,2022,2022-11-21,2022/2023
1020,London Borough of Haringey,4,47,2022,2022-11-21,2022/2023
1021,Milton Keynes,3,47,2022,2022-11-21,2022/2023
1022,Moray,5,47,2022,2022-11-21,2022/2023
1023,North West Leicestershire,1,47,2022,2022-11-21,2022/2023
1024,Oxford City,4,47,2022,2022-11-21,2022/2023
1025,Powys,1,47,2022,2022-11-21,2022/2023
1026,Redcar and Cleveland,3,47,2022,2022-11-21,2022/2023
1027,Runnymede,1,47,2022,2022-11-21,2022/2023
1028,Salisbury,1,47,2022,2022-11-21,2022/2023
1029,Sedgemoor,1,47,2022,2022-11-21,2022/2023
1030,Staffordshire Moorlands,1,47,2022,2022-11-21,2022/2023
1031,Stockton-on-Tees,2,47,2022,2022-11-21,2022/2023
1032,Torridge,1,47,2022,2022-11-21,2022/2023
1033,Wakefield,5,47,2022,2022-11-21,2022/2023
1034,Warwick,2,47,2022,2022-11-21,2022/2023
1035,West Lancashire,1,47,2022,2022-11-21,2022/2023
1036,York,2,47,2022,2022-11-21,2022/2023
